"A","B"
"477e392b-9efe-4208-acac-e804ed53d8e1","57f06d0f-9adc-4c72-8ec3-95ede33f3264"
"477e392b-9efe-4208-acac-e804ed53d8e1","57b3d959-d13f-41d0-992b-e8afc257db58"
"477e392b-9efe-4208-acac-e804ed53d8e1","01c09901-b606-419c-bcb4-a975117e35f1"
"0b9d9ccb-b1de-4a7a-9c1d-cac57e946c45","57f06d0f-9adc-4c72-8ec3-95ede33f3264"
"0b9d9ccb-b1de-4a7a-9c1d-cac57e946c45","57b3d959-d13f-41d0-992b-e8afc257db58"
"0b9d9ccb-b1de-4a7a-9c1d-cac57e946c45","01c09901-b606-419c-bcb4-a975117e35f1"
bd8b58d7-738f-4332-ae66-dc4f06d8cd13,"57f06d0f-9adc-4c72-8ec3-95ede33f3264"
bd8b58d7-738f-4332-ae66-dc4f06d8cd13,"57b3d959-d13f-41d0-992b-e8afc257db58"
bd8b58d7-738f-4332-ae66-dc4f06d8cd13,"01c09901-b606-419c-bcb4-a975117e35f1"
"365ff213-c3e3-496c-9090-7bc09b358277","57f06d0f-9adc-4c72-8ec3-95ede33f3264"
"365ff213-c3e3-496c-9090-7bc09b358277","57b3d959-d13f-41d0-992b-e8afc257db58"
"365ff213-c3e3-496c-9090-7bc09b358277","01c09901-b606-419c-bcb4-a975117e35f1"
